order_id,order_date,region,segment,sales,profit,customer_id
ORD-558199,16-12-2024,South,Corporate,4080.59,236.72,SG-20605
ORD-114929,14-10-2024,South,Home Office,4361.77,758.52,PT-19090
ORD-497644,09-11-2024,East,Home Office,266.26,460.9,MS-17365
ORD-659581,24-10-2024,West,Consumer,4110.09,-15.61,PC-18745
ORD-994266,23-02-2024,East,Consumer,2210.78,337.56,KD-16270
ORD-724043,07-07-2024,West,Home Office,3639.74,911.55,MO-17950
ORD-217414,18-06-2024,West,Home Office,1890.36,1413.37,LR-17035
ORD-956432,18-06-2024,South,Home Office,3862.23,941.85,RS-19765
ORD-842691,23-05-2024,West,Consumer,4787.11,58.01,GM-14500
ORD-235791,10-05-2024,East,Home Office,3527.89,134.08,JE-16165
ORD-587714,26-12-2024,South,Corporate,618.15,853.24,JL-15850
ORD-939273,13-06-2024,East,Corporate,219.91,1410.63,BF-11020
ORD-363189,15-11-2024,South,Home Office,2400.61,-95.86,MZ-17515
ORD-284304,18-12-2024,South,Consumer,555.04,981.78,EA-14035
ORD-254236,02-11-2024,East,Home Office,1171.85,-299.6,IM-15070
ORD-752205,16-02-2024,East,Consumer,4822.95,1455.82,CM-12445
ORD-426674,21-08-2024,West,Home Office,1005.29,1427.83,HM-14860
ORD-299280,21-01-2024,Central,Home Office,2874.93,570.3,TB-21625
ORD-891639,02-03-2024,West,Consumer,4670.27,-427.32,JS-15685
ORD-826237,16-03-2024,South,Consumer,56.24,635.92,BS-11800
ORD-973556,11-05-2024,West,Home Office,2721.07,487.82,CC-12685
ORD-892401,17-08-2024,South,Consumer,4045.98,161.37,TG-21640
ORD-481207,21-05-2024,East,Consumer,3685.72,1081.54,PA-19060
ORD-707161,25-04-2024,East,Home Office,4282.17,1294.09,KM-16660
ORD-540311,11-02-2024,West,Home Office,485.97,1463.37,MC-17575
ORD-339321,08-01-2024,South,Corporate,1185.25,1007.51,IM-15055
ORD-316614,19-12-2024,Central,Corporate,3271.88,885.54,AZ-10750
ORD-700225,04-08-2024,South,Consumer,2033.03,505.04,SV-20365
ORD-807237,10-12-2024,Central,Home Office,4581.49,90.08,RC-19960
ORD-231578,08-03-2024,West,Consumer,2280.34,1477.68,JK-16120
ORD-436046,23-09-2024,West,Home Office,4011.96,1151.21,VM-21685
ORD-259487,22-10-2024,Central,Home Office,2239.27,907.53,BF-11005
ORD-961801,19-02-2024,Central,Home Office,4515.41,-95.69,MY-18295
ORD-157132,06-06-2024,West,Consumer,3404.67,NA,MF-17665
ORD-095360,17-08-2024,Central,Corporate,668.4,330.85,NW-18400
ORD-060542,18-08-2024,South,Home Office,118.63,8.91,AA-10645
ORD-782033,07-10-2024,Central,Consumer,2124.25,900.77,NC-18340
ORD-063183,03-08-2024,Central,Corporate,2050.25,1037.94,VS-21820
ORD-672688,24-11-2024,West,Corporate,4964.35,264.96,JL-15505
ORD-393893,03-11-2024,East,Home Office,4302.83,-262.73,MZ-17335
ORD-412152,17-03-2024,East,Consumer,3783.34,1456.98,LS-17230
ORD-706216,24-09-2024,West,Home Office,1902.59,-40.67,LS-16945
ORD-362975,05-05-2024,East,Home Office,3829.79,-435.57,SC-20680
ORD-439606,20-01-2024,East,Consumer,345.78,687.89,LD-17005
ORD-626823,22-12-2024,Central,Consumer,3705.3,304.53,DW-13195
ORD-565980,07-01-2024,East,Home Office,4967.48,-31.68,TH-21100
ORD-604096,11-10-2024,South,Consumer,1515.8,-213.48,SC-20680
ORD-546572,08-07-2024,South,Corporate,314.18,1397.04,TH-21550
ORD-955859,06-11-2024,West,Home Office,2483.15,1444.58,RS-19765
ORD-703954,13-09-2024,South,Home Office,2087.46,-201.56,JL-15235
ORD-192812,25-09-2024,West,Consumer,4248.21,101.47,SW-20245
ORD-151364,26-08-2024,Central,Home Office,2069.26,333.02,MT-17815
ORD-140607,13-04-2024,South,Consumer,1658.01,-341.86,LH-16750
ORD-888284,12-02-2024,East,Consumer,1349.62,,RA-19885
ORD-041469,28-02-2024,East,Home Office,3624.28,617.7,MC-17605
ORD-219037,28-06-2024,South,Consumer,1066.92,,TR-21325
ORD-123015,24-08-2024,East,Home Office,3025.96,-90.97,EA-14035
ORD-578898,11-05-2024,West,Corporate,2672.91,218.52,EM-13810
ORD-377115,17-08-2024,West,Consumer,4016.05,944.83,VG-21805
ORD-880522,11-04-2024,South,Corporate,2075.51,625.05,DN-13690
ORD-777260,05-01-2024,South,Home Office,4674.44,658.29,KF-16285
ORD-309532,05-04-2024,South,Consumer,1905.4,1166.73,MH-17455
ORD-577391,21-11-2024,South,Corporate,3819.17,477.24,TB-21625
ORD-672866,24-08-2024,West,Consumer,3666.53,204.35,CG-12520
ORD-755304,18-08-2024,East,Home Office,4951.71,1414.47,MS-17365
ORD-035467,27-02-2024,Central,Consumer,2067.84,1185.09,DS-13180
ORD-071270,23-03-2024,Central,Consumer,2533.61,246.4,RD-19660
ORD-668707,22-10-2024,West,Home Office,2444.39,-486.78,NG-18430
ORD-431320,01-01-2024,South,Home Office,4887.62,-465.71,SS-20410
ORD-706775,14-03-2024,Central,Consumer,2626.68,-18.06,RD-19810
ORD-552030,09-06-2024,South,Corporate,404.31,1418.6,LR-17035
ORD-592448,08-12-2024,East,Corporate,3423.37,1195.73,SC-20095
ORD-899909,21-01-2024,Central,Corporate,1902.53,605.4,AS-10630
ORD-667679,01-12-2024,East,Consumer,2504.29,367.82,JA-15970
ORD-593344,28-02-2024,Central,Consumer,1064.97,1236.23,OT-18730
ORD-498599,09-01-2024,Central,Home Office,4628.67,1298.62,NW-18400
ORD-690078,02-03-2024,South,Consumer,4807.73,674.07,TT-21220
ORD-860557,23-07-2024,Central,Corporate,820.63,-19.06,JO-15550
ORD-709923,18-06-2024,West,Home Office,708.35,1476.96,TC-20980
ORD-082238,17-12-2024,South,Consumer,497.45,-35.71,BE-11455
ORD-357138,20-10-2024,West,Corporate,157.83,46.65,LH-16900
ORD-514436,08-06-2024,West,Corporate,936.83,671.75,JM-15250
ORD-089857,25-10-2024,South,Consumer,3568.41,-335.92,CM-12160
ORD-398459,23-11-2024,East,Home Office,1954.21,221.4,BM-11785
ORD-005448,10-08-2024,South,Corporate,520.13,-325.41,KN-16705
ORD-470647,18-09-2024,West,Consumer,141.05,207.83,BN-11515
ORD-625921,20-06-2024,West,Consumer,1466.32,NA,BG-11695
ORD-760054,18-04-2024,East,Home Office,1909.85,-222.32,GP-14740
ORD-281445,16-03-2024,Central,Consumer,2179.03,342.2,MD-17350
ORD-820686,03-06-2024,South,Consumer,3607.29,491.6,RD-19585
ORD-205048,15-02-2024,East,Corporate,43.77,291.38,RD-19900
ORD-398344,26-06-2024,West,Corporate,2158.77,1147.07,SB-20290
ORD-623267,05-05-2024,South,Home Office,4736.92,-98.3,HG-14845
ORD-186267,13-06-2024,South,Home Office,3477.84,482.01,PF-19165
ORD-819960,08-06-2024,West,Corporate,4084.31,285.87,BV-11245
ORD-977344,19-04-2024,East,Home Office,3840.41,-446.17,TC-21475
ORD-484046,23-04-2024,West,Corporate,4158.1,-361.68,KB-16600
ORD-705669,16-03-2024,South,Consumer,1270.88,-191.71,KL-16555
ORD-827407,13-02-2024,West,Home Office,2401.38,301.61,MK-18160
ORD-968356,28-12-2024,West,Home Office,193.46,1436.86,ST-20530
ORD-939002,26-09-2024,Central,Consumer,3847.08,815.2,JF-15565
ORD-174419,21-10-2024,Central,Home Office,4918.2,854.94,JS-16030
ORD-789246,11-07-2024,Central,Consumer,502.05,-56.0,TS-21370
ORD-543999,18-10-2024,East,Corporate,1876.86,426.13,SJ-20215
ORD-617182,23-09-2024,East,Corporate,4988.54,465.54,GK-14620
ORD-436182,03-02-2024,East,Corporate,1566.33,410.67,DK-12895
ORD-546429,16-06-2024,West,Consumer,2196.45,893.53,HK-14890
ORD-070438,10-01-2024,Central,Consumer,4247.41,795.94,SH-20635
ORD-838914,06-12-2024,East,Home Office,880.52,-179.73,NP-18700
ORD-447081,15-04-2024,West,Home Office,930.41,780.96,KS-16300
ORD-414799,01-12-2024,East,Corporate,2965.09,277.67,SV-20785
ORD-225231,07-05-2024,Central,Home Office,517.74,1243.96,DB-13120
ORD-383562,11-04-2024,West,Consumer,1319.14,1225.27,MS-17830
ORD-670154,11-10-2024,West,Home Office,1968.79,-271.54,JF-15355
ORD-886590,15-10-2024,East,Home Office,3532.88,94.89,RC-19960
ORD-618837,03-11-2024,East,Corporate,598.13,110.76,DA-13450
ORD-391440,23-03-2024,West,Corporate,2986.16,649.61,KL-16555
ORD-194777,16-11-2024,East,Home Office,842.66,77.67,DB-13120
ORD-329862,27-08-2024,Central,Corporate,4759.69,,DC-12850
ORD-854816,13-09-2024,West,Corporate,3426.64,331.26,LC-17050
ORD-512439,06-02-2024,Central,Consumer,1467.53,49.71,MZ-17335
ORD-302693,06-08-2024,West,Home Office,2558.92,645.43,EN-13780
ORD-812765,18-06-2024,Central,Home Office,2212.42,-62.92,KM-16225
ORD-107392,24-11-2024,East,Corporate,4375.3,-435.54,EM-13960
ORD-365510,28-02-2024,West,Consumer,3880.4,-26.11,TN-21040
ORD-616483,23-06-2024,West,Consumer,3084.59,1069.7,DK-12895
ORD-844566,02-10-2024,South,Home Office,1412.61,577.54,HR-14770
ORD-738254,10-05-2024,South,Home Office,4927.59,858.6,BO-11425
ORD-142176,25-07-2024,Central,Corporate,4336.57,-246.22,CC-12610
ORD-261806,05-12-2024,South,Consumer,3809.75,852.47,MF-18250
ORD-149078,19-11-2024,South,Home Office,2076.98,403.98,RM-19375
ORD-833198,25-02-2024,West,Home Office,3751.51,889.41,JK-15370
ORD-476783,16-06-2024,Central,Home Office,474.78,1444.3,RM-19750
ORD-696406,23-06-2024,Central,Home Office,1994.6,1436.26,DK-13375
ORD-518747,09-06-2024,South,Corporate,2741.08,-238.81,MD-17860
ORD-826597,11-11-2024,Central,Consumer,506.88,1067.78,LR-17035
ORD-017073,04-03-2024,West,Corporate,13.37,1416.06,DJ-13420
ORD-722041,05-11-2024,South,Consumer,4373.37,1253.19,BN-11515
ORD-686386,12-05-2024,Central,Corporate,3325.9,797.82,AS-10135
ORD-415595,21-05-2024,East,Corporate,3280.87,907.4,AA-10375
ORD-223789,16-02-2024,East,Home Office,1138.69,859.97,AB-10255
ORD-008455,23-06-2024,Central,Corporate,3473.21,455.4,DR-12940
ORD-401678,03-12-2024,Central,Consumer,1573.62,1261.98,CD-12280
ORD-401313,25-03-2024,East,Consumer,2657.24,-483.05,SB-20185
ORD-172089,15-06-2024,East,Home Office,3743.86,1339.79,RD-19480
ORD-719917,15-04-2024,Central,Consumer,708.67,-253.69,TG-21310
ORD-402687,12-07-2024,South,Consumer,1246.45,789.24,EC-14050
ORD-580279,20-10-2024,South,Home Office,143.85,1194.14,GP-14740
ORD-215426,17-10-2024,East,Home Office,1964.84,NA,EA-14035
ORD-518928,13-02-2024,East,Corporate,3194.03,-357.98,AC-10450
ORD-378639,11-03-2024,West,Home Office,2110.11,592.71,CS-12355
ORD-799777,16-02-2024,Central,Home Office,346.99,24.37,AM-10360
ORD-967395,02-07-2024,South,Home Office,3566.02,1034.22,KL-16555
ORD-735902,13-02-2024,East,Corporate,427.15,-341.96,DJ-13510
ORD-847313,05-09-2024,South,Corporate,2936.32,1026.45,SB-20185
ORD-714139,21-02-2024,South,Home Office,2193.06,1406.86,Dp-13240
ORD-060719,08-02-2024,West,Consumer,2272.33,717.66,HA-14905
ORD-698436,24-11-2024,East,Consumer,73.2,N/A,AC-10420
ORD-171791,16-06-2024,South,Consumer,1865.63,999.55,EP-13915
ORD-768539,04-01-2024,South,Corporate,1367.18,-372.26,SZ-20035
ORD-604664,21-02-2024,West,Corporate,2558.8,-389.12,OT-18730
ORD-174988,12-03-2024,South,Consumer,4472.4,848.24,BW-11110
ORD-239500,24-09-2024,Central,Consumer,4294.86,-475.42,AR-10510
ORD-494682,12-07-2024,East,Consumer,4656.49,1214.97,NK-18490
ORD-842128,23-12-2024,West,Consumer,1615.79,332.51,TB-21400
ORD-335477,09-02-2024,South,Consumer,2515.18,1303.88,CV-12805
ORD-234027,26-09-2024,Central,Corporate,353.94,430.19,FO-14305
ORD-811103,28-05-2024,South,Consumer,2769.93,-484.06,DH-13075
ORD-305760,19-05-2024,East,Corporate,1847.69,1443.72,ZC-21910
ORD-813576,07-12-2024,East,Consumer,41.83,320.07,DV-13465
ORD-567852,12-11-2024,Central,Corporate,17.3,814.61,TN-21040
ORD-762541,10-02-2024,East,Home Office,4915.75,N/A,AW-10930
ORD-149290,23-05-2024,Central,Consumer,4607.16,1294.57,MP-17470
ORD-433122,23-06-2024,West,Home Office,433.66,-308.85,CC-12670
ORD-668170,27-07-2024,Central,Home Office,2843.43,369.97,CC-12475
ORD-248274,10-05-2024,South,Corporate,3506.62,970.71,HJ-14875
ORD-474752,09-04-2024,Central,Consumer,689.2,1040.29,BT-11395
ORD-162960,04-03-2024,West,Corporate,1577.03,-258.53,JG-15310
ORD-807757,07-08-2024,South,Corporate,1332.39,-260.17,CM-12445
ORD-846827,22-05-2024,Central,Consumer,4181.26,NA,BM-11785
ORD-745703,08-06-2024,West,Home Office,254.26,97.68,CS-12460
ORD-032592,13-08-2024,East,Consumer,2315.6,1107.79,CG-12520
ORD-127353,01-01-2024,East,Consumer,998.68,301.16,SM-20950
ORD-660915,21-02-2024,South,Consumer,118.78,-371.06,RW-19630
ORD-464972,26-03-2024,Central,Corporate,621.41,1384.56,AS-10045
ORD-176150,19-07-2024,West,Corporate,157.12,NA,CS-12355
ORD-371137,07-03-2024,South,Corporate,2235.6,-202.74,RC-19825
ORD-649254,20-04-2024,South,Corporate,2065.84,601.38,AY-10555
ORD-091983,09-07-2024,East,Corporate,1005.29,1269.31,MS-17710
ORD-261251,21-09-2024,Central,Corporate,3911.76,218.22,NC-18625
ORD-819395,16-06-2024,South,Corporate,1359.47,-447.87,PT-19090
ORD-229660,01-05-2024,Central,Corporate,2651.87,1033.68,DV-13465
ORD-167379,04-04-2024,East,Corporate,2673.11,1082.47,TM-21490
ORD-058625,25-04-2024,West,Corporate,4676.68,1483.08,CS-12400
ORD-184655,08-10-2024,South,Home Office,3491.16,1327.96,AH-10075
ORD-737624,23-06-2024,East,Home Office,4742.36,1173.39,MG-17695
ORD-568459,10-03-2024,West,Consumer,460.38,-34.75,DM-13345
ORD-020897,17-08-2024,Central,Corporate,4590.3,-97.07,CC-12475
ORD-357312,23-03-2024,South,Consumer,119.35,673.22,CJ-11875
ORD-811983,04-09-2024,South,Consumer,1874.22,1383.85,JS-15595
ORD-614484,04-06-2024,South,Corporate,690.89,-184.99,LA-16780
ORD-830308,21-08-2024,South,Consumer,3538.84,623.95,RC-19825
ORD-825221,12-04-2024,East,Corporate,1541.05,877.0,CC-12220
ORD-186341,24-01-2024,West,Home Office,171.59,704.78,RB-19705
ORD-231626,21-10-2024,Central,Corporate,711.81,990.69,Dl-13600
ORD-363657,11-03-2024,Central,Home Office,3353.42,958.57,JB-16045
ORD-468326,01-05-2024,East,Consumer,3468.95,200.96,BT-11305
ORD-755409,01-01-2024,West,Corporate,3665.6,1438.2,KD-16345
ORD-517034,13-06-2024,West,Consumer,4145.75,1077.46,PG-18820
ORD-682592,25-11-2024,East,Consumer,2261.92,1098.39,AH-10690
ORD-309235,01-06-2024,South,Consumer,380.26,-159.79,JL-15175
ORD-168721,24-02-2024,Central,Corporate,2974.21,727.29,MC-18130
ORD-738727,01-07-2024,East,Home Office,4449.87,-185.79,BP-11290
ORD-347178,07-04-2024,West,Home Office,2775.02,1351.15,NB-18655
ORD-278151,22-05-2024,South,Consumer,488.62,285.8,NF-18595
ORD-880652,16-03-2024,Central,Corporate,29.04,N/A,SC-20695
ORD-655456,20-08-2024,East,Consumer,138.42,-158.34,GH-14410
ORD-085917,16-02-2024,South,Corporate,2360.01,1289.75,EM-14095
ORD-095564,21-09-2024,West,Consumer,1861.39,262.89,DB-13120
ORD-467430,02-05-2024,West,Corporate,1324.37,1174.16,NW-18400
ORD-064634,05-12-2024,Central,Consumer,3344.02,1116.36,KD-16345
ORD-793203,19-04-2024,Central,Corporate,4093.84,337.26,MY-17380
ORD-720443,28-08-2024,East,Corporate,1501.27,289.61,TB-21055
ORD-036416,17-10-2024,East,Consumer,4746.78,398.08,CS-11860
ORD-222183,26-04-2024,East,Consumer,2122.64,1476.56,KW-16435
ORD-211728,27-11-2024,East,Home Office,1296.85,1321.61,BD-11500
ORD-091255,13-09-2024,West,Home Office,1637.37,52.4,LR-16915
ORD-961714,28-01-2024,West,Consumer,2078.07,-203.6,PO-18850
ORD-610982,25-02-2024,Central,Home Office,3899.93,1071.49,MY-17380
ORD-922890,12-07-2024,South,Corporate,3277.39,644.05,MB-17305
ORD-039286,06-05-2024,West,Consumer,3095.04,861.63,JW-15955
ORD-040667,13-06-2024,East,Consumer,3731.29,1341.67,JK-16090
ORD-021216,11-05-2024,South,Corporate,4215.8,1216.47,SM-20905
ORD-102989,28-04-2024,East,Corporate,4871.35,386.22,HM-14860
ORD-282508,24-07-2024,Central,Consumer,2214.17,1326.87,KB-16405
ORD-776937,16-09-2024,South,Consumer,2581.2,-182.06,HD-14785
ORD-744038,17-07-2024,East,Home Office,4397.87,-442.1,DB-13615
ORD-917694,27-04-2024,Central,Consumer,175.02,-398.88,JH-15820
ORD-738863,07-05-2024,South,Corporate,2530.58,770.82,CB-12415
ORD-714264,01-04-2024,South,Corporate,2974.28,,MB-18085
ORD-615389,18-06-2024,South,Consumer,4189.89,17.32,SO-20335
ORD-094783,10-01-2024,West,Consumer,822.91,NA,DL-13315
ORD-898747,08-11-2024,East,Home Office,1041.59,803.17,MM-17920
ORD-021027,28-11-2024,Central,Corporate,4558.46,N/A,QJ-19255
ORD-839768,01-04-2024,South,Home Office,4027.38,110.92,SW-20350
ORD-673963,09-07-2024,West,Corporate,2300.4,-63.58,GR-14560
ORD-710092,17-10-2024,West,Home Office,520.54,523.03,SC-20725
ORD-884248,27-06-2024,South,Corporate,3425.22,463.48,JC-15340
ORD-289914,21-06-2024,South,Corporate,3284.04,1404.38,SC-20020
ORD-313306,07-03-2024,East,Consumer,4029.09,1104.73,PW-19240
ORD-423728,22-06-2024,East,Home Office,137.02,494.75,GK-14620
ORD-272029,14-07-2024,West,Home Office,186.24,916.14,PB-19210
ORD-855654,07-06-2024,East,Home Office,2677.83,1069.79,SG-20080
ORD-375912,17-05-2024,East,Home Office,4383.71,-137.73,BP-11095
ORD-493650,05-12-2024,South,Home Office,4043.64,1025.84,DA-13450
ORD-992922,22-06-2024,Central,Consumer,1782.86,988.42,GZ-14470
ORD-440898,26-06-2024,South,Corporate,2932.0,427.52,CA-11965
ORD-493394,02-11-2024,Central,Corporate,4448.24,500.95,SK-19990
ORD-400210,17-05-2024,West,Consumer,4355.54,-198.44,DH-13075
ORD-359316,14-10-2024,West,Consumer,1588.75,931.34,BF-11170
ORD-511266,11-11-2024,East,Corporate,3176.15,-490.57,FC-14245
ORD-219554,25-03-2024,East,Corporate,3928.2,1059.5,CC-12430
ORD-644329,14-11-2024,West,Corporate,2150.84,454.8,AB-10015
ORD-039558,18-04-2024,South,Consumer,4461.11,1013.7,MT-18070
ORD-199835,01-11-2024,Central,Home Office,3670.68,-47.47,JD-16150
ORD-327253,05-02-2024,West,Home Office,2947.47,-165.96,AR-10405
ORD-312688,10-08-2024,South,Corporate,4440.99,1490.94,JD-16015
ORD-945170,16-06-2024,East,Consumer,4740.94,NA,KA-16525
ORD-020054,08-04-2024,East,Consumer,3673.04,679.39,CS-12130
ORD-129145,12-12-2024,Central,Corporate,4383.96,11.58,MW-18235
ORD-653405,02-10-2024,Central,Home Office,549.49,,AR-10570
ORD-723256,04-07-2024,West,Corporate,626.74,5.48,ST-20530
ORD-160566,07-12-2024,Central,Corporate,2110.15,-298.04,MP-17470
ORD-283092,20-10-2024,East,Corporate,4154.96,-290.17,TB-21355
ORD-647704,04-05-2024,Central,Consumer,2493.72,718.0,EM-13960
ORD-871890,17-04-2024,South,Home Office,2054.68,-179.25,NF-18475
ORD-520466,07-12-2024,West,Corporate,1180.18,-474.5,BM-11575
ORD-950933,04-10-2024,West,Consumer,4747.74,1059.05,BE-11410
ORD-758712,24-02-2024,South,Home Office,1163.49,1477.33,GM-14440
ORD-276956,15-01-2024,Central,Consumer,4371.96,1204.5,JH-15430
ORD-840535,22-06-2024,West,Home Office,588.35,1202.49,AR-10405
ORD-010143,28-03-2024,East,Corporate,1794.06,375.43,RD-19930
ORD-281343,24-02-2024,South,Corporate,922.52,301.56,LP-17080
ORD-285038,27-07-2024,West,Corporate,3247.74,1093.82,BT-11680
ORD-138949,23-12-2024,Central,Consumer,527.53,1322.45,MC-18130
ORD-841236,19-11-2024,West,Consumer,3060.5,1058.33,RB-19705
ORD-030217,28-11-2024,East,Corporate,4602.79,-274.13,KC-16675
ORD-462095,02-02-2024,South,Home Office,1578.05,909.14,SJ-20125
ORD-550312,25-12-2024,East,Home Office,4366.99,538.2,SN-20710
ORD-734612,20-02-2024,West,Home Office,3635.99,463.86,SC-20770
ORD-709148,21-07-2024,East,Home Office,4461.39,725.83,AC-10420
ORD-674653,06-09-2024,West,Corporate,4348.38,-350.27,MG-17680
ORD-336209,08-06-2024,South,Consumer,2539.58,600.99,JL-15835
ORD-422867,27-04-2024,Central,Corporate,2226.5,646.07,BM-11140
ORD-898199,16-08-2024,South,Consumer,4903.55,990.48,AG-10270
ORD-107630,13-07-2024,Central,Home Office,2750.0,1151.82,RA-19915
ORD-649138,21-05-2024,East,Home Office,3360.66,1400.71,JH-16180
ORD-865402,02-04-2024,West,Corporate,2805.15,739.52,MB-17305
ORD-751471,22-06-2024,West,Consumer,496.21,817.82,AA-10480
ORD-357939,12-11-2024,South,Home Office,2614.71,904.19,AR-10405
ORD-940444,06-08-2024,East,Home Office,3715.13,318.42,EH-14005
ORD-640525,07-04-2024,Central,Corporate,1085.79,1149.11,DB-13405
ORD-751607,11-02-2024,West,Consumer,4633.87,1174.93,PO-18850
ORD-129205,25-08-2024,West,Home Office,2950.69,508.4,MH-17440
ORD-004549,17-12-2024,Central,Home Office,4677.19,1177.63,MC-18130
ORD-969274,17-03-2024,East,Home Office,4078.07,-292.89,SC-20380
ORD-629719,20-06-2024,West,Corporate,4897.71,1331.82,VM-21685
ORD-260298,09-07-2024,South,Corporate,2269.7,-233.26,KD-16270
ORD-631793,23-12-2024,South,Home Office,2743.55,,TM-21490
ORD-980956,18-11-2024,East,Consumer,1056.47,928.77,SN-20560
ORD-362067,22-03-2024,East,Home Office,2717.03,773.75,SW-20455
ORD-121012,25-06-2024,West,Home Office,2857.48,834.31,KF-16285
ORD-706996,24-09-2024,South,Corporate,4043.44,545.46,AG-10765
ORD-399372,05-01-2024,Central,Consumer,1342.22,1071.06,GA-14725
ORD-716587,09-03-2024,Central,Home Office,3923.94,-92.0,NC-18340
ORD-033876,12-08-2024,Central,Home Office,4341.5,978.98,DP-13000
ORD-778477,21-09-2024,West,Consumer,2559.5,1093.67,SR-20740
ORD-301611,23-11-2024,Central,Corporate,1943.9,1413.4,SM-20905
ORD-327842,18-01-2024,Central,Home Office,1264.19,741.12,LC-16960
ORD-870301,08-11-2024,South,Home Office,2737.61,706.77,TC-21145
ORD-202898,10-08-2024,East,Home Office,381.6,1424.95,TH-21550
ORD-538808,04-07-2024,Central,Corporate,1402.77,28.48,CP-12085
ORD-612354,28-05-2024,Central,Corporate,2336.99,1374.99,AM-10360
ORD-161170,11-10-2024,Central,Home Office,3081.89,823.78,MG-17650
ORD-828279,19-09-2024,South,Consumer,3922.32,135.72,DM-13525
ORD-192801,17-02-2024,East,Corporate,2719.97,306.83,JE-16165
ORD-231943,07-11-2024,South,Corporate,1810.38,-63.11,TT-21220
ORD-648315,17-08-2024,Central,Consumer,3348.0,391.33,RS-19420
ORD-643513,20-04-2024,Central,Home Office,4429.44,262.75,BV-11245
ORD-404621,09-09-2024,South,Consumer,4557.57,1144.22,JL-15130
ORD-539293,26-09-2024,West,Corporate,228.82,1296.56,DB-13615
ORD-335873,17-02-2024,Central,Consumer,4858.43,1046.64,MW-18220
ORD-007687,21-02-2024,East,Home Office,3151.28,-73.65,SM-20905
ORD-444816,27-02-2024,East,Home Office,4145.46,1257.27,TR-21325
ORD-812864,14-11-2024,Central,Home Office,3433.36,-452.49,TB-21250
ORD-347829,02-02-2024,Central,Consumer,898.18,3.82,BD-11635
ORD-602892,27-04-2024,South,Corporate,1946.28,760.43,KT-16465
ORD-331774,01-07-2024,Central,Home Office,39.44,940.57,BB-10990
ORD-792683,24-10-2024,Central,Home Office,4242.77,215.4,MH-18025
ORD-111292,10-11-2024,South,Home Office,441.66,1030.55,LB-16735
ORD-399942,13-11-2024,Central,Corporate,790.05,-60.27,TS-21370
ORD-409986,26-09-2024,South,Home Office,728.94,854.58,TD-20995
ORD-679415,12-01-2024,East,Consumer,218.45,645.44,JR-15700
ORD-563245,18-02-2024,South,Consumer,3744.0,1307.09,JD-16150
ORD-222023,14-11-2024,East,Consumer,928.12,733.77,EH-13945
ORD-203766,04-03-2024,Central,Home Office,2311.71,599.33,GG-14650
ORD-704314,03-05-2024,Central,Consumer,3630.69,474.38,IM-15070
ORD-374487,05-11-2024,East,Consumer,1432.83,-360.38,DB-13660
ORD-333223,16-08-2024,South,Home Office,3300.52,886.92,CM-12115
ORD-593025,19-06-2024,South,Corporate,851.51,126.43,DN-13690
ORD-746795,24-11-2024,West,Corporate,4202.15,-231.39,TH-21115
ORD-347669,16-08-2024,West,Corporate,3876.09,NA,BT-11395
ORD-184309,21-10-2024,Central,Corporate,4294.98,-220.0,MZ-17515
ORD-205974,09-12-2024,Central,Home Office,386.25,N/A,ML-17395
ORD-662309,01-10-2024,West,Home Office,1071.68,-426.69,EL-13735
ORD-569869,18-08-2024,East,Corporate,1968.57,1282.88,PO-18865
ORD-768845,28-05-2024,East,Corporate,2510.6,-318.89,JH-16180
ORD-526561,01-11-2024,East,Home Office,3423.97,1014.41,CG-12520
ORD-467897,06-03-2024,East,Home Office,3662.7,1378.35,AM-10705
ORD-229449,25-08-2024,East,Consumer,1329.14,-31.96,SF-20065
ORD-216819,17-06-2024,West,Corporate,4590.33,1263.1,AM-10360
ORD-680028,11-02-2024,South,Home Office,1323.95,588.7,CS-12460
ORD-394957,21-07-2024,South,Home Office,3270.15,1170.94,MO-17500
ORD-263808,13-04-2024,West,Corporate,4088.01,190.06,MC-18100
ORD-930268,20-01-2024,East,Corporate,836.37,-345.82,RS-19765
ORD-294451,07-03-2024,East,Consumer,1817.49,934.61,CA-12055
ORD-693224,08-07-2024,South,Home Office,575.56,850.46,MC-17605
ORD-220940,19-03-2024,West,Consumer,1225.91,-244.23,PP-18955
ORD-168957,05-11-2024,Central,Home Office,742.86,-167.32,CW-11905
ORD-541738,13-10-2024,Central,Home Office,3642.59,1142.61,BG-11740
ORD-227115,15-10-2024,West,Corporate,861.13,1160.73,QJ-19255
ORD-149645,26-10-2024,East,Home Office,3301.65,29.04,TC-20980
ORD-718895,11-08-2024,Central,Consumer,1897.27,-235.57,AF-10870
ORD-212178,17-09-2024,West,Consumer,3031.5,-145.16,RC-19960
ORD-628951,02-09-2024,Central,Consumer,2416.38,-239.34,RA-19885
ORD-565483,27-01-2024,West,Home Office,2109.21,1249.65,SS-20410
ORD-555553,14-04-2024,West,Corporate,1759.08,1109.24,VG-21805
ORD-877858,23-10-2024,Central,Corporate,678.08,454.28,DV-13465
ORD-954294,28-02-2024,South,Home Office,4385.06,317.29,DB-13270
ORD-005736,23-12-2024,Central,Home Office,2617.48,539.52,JL-15175
ORD-686342,07-12-2024,South,Corporate,1817.73,-190.44,SC-20020
ORD-613806,09-05-2024,West,Home Office,1834.56,51.12,SJ-20500
ORD-416761,25-04-2024,West,Home Office,3921.1,464.94,JK-15640
ORD-586253,18-08-2024,South,Corporate,2892.48,1048.39,JS-15880
ORD-771524,05-11-2024,Central,Home Office,1156.56,1066.22,CP-12340
ORD-105150,07-09-2024,West,Corporate,4006.26,728.05,SM-20320
ORD-741123,02-03-2024,West,Home Office,36.4,-317.82,CK-12325
ORD-494581,20-07-2024,Central,Consumer,1322.83,241.67,RB-19465
ORD-039590,24-07-2024,West,Home Office,3284.31,72.94,PT-19090
ORD-060255,25-03-2024,West,Corporate,63.44,1201.14,MO-17800
ORD-299900,07-01-2024,East,Home Office,855.72,-427.88,Dp-13240
ORD-686838,01-03-2024,Central,Corporate,3900.57,206.26,JR-16210
ORD-425147,19-04-2024,Central,Home Office,3521.07,N/A,NF-18595
ORD-298314,24-09-2024,South,Corporate,4816.81,53.02,RB-19330
ORD-203975,15-07-2024,Central,Corporate,883.42,512.48,NP-18685
ORD-075903,17-05-2024,South,Consumer,4016.68,1413.42,MZ-17335
ORD-852647,26-10-2024,South,Home Office,2219.42,254.16,MD-17350
ORD-807370,08-06-2024,West,Home Office,2309.0,673.65,AH-10075
ORD-505383,04-05-2024,Central,Corporate,3171.97,1488.4,SH-20635
ORD-735237,08-06-2024,West,Corporate,2587.36,-480.55,EM-13960
ORD-260317,10-02-2024,West,Home Office,3746.45,183.99,NL-18310
ORD-976640,06-08-2024,South,Corporate,1100.65,647.43,DA-13450
ORD-993126,24-11-2024,East,Corporate,3688.19,-30.28,EB-13750
ORD-915137,09-04-2024,East,Consumer,4176.35,1172.67,JG-15115
ORD-163574,25-02-2024,Central,Consumer,3382.3,826.85,RC-19825
ORD-006946,25-09-2024,Central,Corporate,1862.27,130.83,PF-19120
ORD-910971,09-08-2024,East,Home Office,1408.53,-55.81,PF-19225
ORD-134476,02-09-2024,West,Corporate,4698.88,-434.87,JE-15715
ORD-412843,28-11-2024,East,Corporate,4882.77,,LS-16945
ORD-330985,23-01-2024,Central,Home Office,1061.65,662.02,HW-14935
ORD-379168,20-05-2024,East,Home Office,1321.62,38.82,RB-19795
ORD-359763,12-03-2024,West,Corporate,1060.56,901.43,JK-16090
ORD-382813,28-07-2024,South,Corporate,907.65,-237.72,PF-19165
ORD-719336,08-02-2024,South,Consumer,2781.15,1212.62,DC-13285
ORD-152929,26-12-2024,East,Corporate,4030.29,-146.79,MH-17455
ORD-141004,28-11-2024,South,Corporate,1507.17,624.28,PA-19060
ORD-050027,13-02-2024,East,Consumer,1085.18,8.58,RH-19555
ORD-100980,15-12-2024,South,Corporate,1811.2,620.7,EJ-13720
ORD-360858,01-07-2024,Central,Corporate,4338.17,1426.23,DF-13135
ORD-604876,19-11-2024,East,Corporate,1781.99,846.39,ME-18010
ORD-812379,24-08-2024,Central,Corporate,3072.18,427.5,CK-12325
ORD-910435,06-11-2024,South,Corporate,3160.05,643.28,BD-11725
ORD-082955,06-06-2024,East,Corporate,1591.22,N/A,EM-14200
ORD-634793,21-07-2024,South,Corporate,3907.06,1377.54,TS-21430
ORD-615430,17-08-2024,West,Consumer,927.59,-453.8,TC-21535
ORD-246025,22-05-2024,Central,Consumer,842.88,-293.98,BB-11545
ORD-982300,16-09-2024,Central,Consumer,3856.96,547.97,BG-11035
ORD-108977,09-10-2024,East,Consumer,3277.62,1270.94,HA-14905
ORD-240498,08-12-2024,South,Corporate,3136.14,-237.45,CS-12175
ORD-029960,02-11-2024,South,Corporate,4322.56,434.39,NB-18655
ORD-980270,09-09-2024,West,Consumer,4848.02,895.25,CT-11995
ORD-619532,20-08-2024,West,Home Office,3202.53,567.57,JE-15715
ORD-505049,18-04-2024,Central,Corporate,1546.26,324.41,CM-12235
ORD-318320,01-01-2024,East,Corporate,1440.94,570.2,SN-20710
ORD-966880,16-08-2024,South,Consumer,3831.69,1095.93,PT-19090
ORD-242447,26-01-2024,South,Consumer,2064.56,621.11,JR-16210
ORD-262036,06-12-2024,West,Corporate,1110.76,-341.58,RF-19735
ORD-251199,17-10-2024,South,Corporate,3245.8,563.89,EP-13915
ORD-432962,07-02-2024,East,Consumer,1455.08,773.79,RD-19660
ORD-474761,09-12-2024,West,Consumer,1610.01,-195.7,MW-18235
ORD-023206,06-02-2024,South,Corporate,633.95,376.83,AB-10165
ORD-244120,03-03-2024,Central,Corporate,1093.77,340.49,MH-17440
ORD-389439,15-12-2024,Central,Corporate,410.31,1001.14,CK-12595
ORD-058761,09-07-2024,Central,Home Office,2356.03,-115.62,EG-13900
ORD-856950,13-01-2024,Central,Home Office,1252.32,1042.45,LC-16960
ORD-259169,24-01-2024,East,Corporate,3679.26,-312.08,SC-20845
ORD-218573,16-07-2024,South,Corporate,801.47,956.47,TS-21205
ORD-982958,18-09-2024,Central,Corporate,2411.34,97.63,JH-15820
ORD-930632,02-11-2024,East,Consumer,1187.47,368.32,AD-10180
ORD-175491,26-05-2024,Central,Corporate,3947.83,-482.14,AP-10720
ORD-609304,26-12-2024,West,Home Office,2985.1,N/A,BM-11575
ORD-260805,06-08-2024,Central,Home Office,3097.04,1361.7,VF-21715
ORD-655499,02-01-2024,South,Home Office,778.05,572.71,BS-11800
ORD-131940,16-04-2024,South,Home Office,3944.92,1013.4,LB-16795
ORD-768805,07-01-2024,West,Corporate,3624.75,1.39,AM-10360
ORD-508877,23-08-2024,South,Home Office,3488.22,-120.45,DB-13120
ORD-570028,12-06-2024,West,Corporate,4339.63,697.36,NL-18310
ORD-168133,03-09-2024,East,Corporate,1485.41,26.7,JK-15205
ORD-476137,01-11-2024,West,Home Office,935.82,-462.56,JH-16180
ORD-813713,20-04-2024,South,Home Office,326.08,1434.33,JO-15145
ORD-199093,17-11-2024,West,Home Office,779.12,66.26,KC-16255
ORD-672037,11-02-2024,Central,Home Office,3297.87,-412.45,CC-12430
ORD-187317,28-01-2024,East,Consumer,2432.0,-302.49,PB-19150
ORD-672926,27-07-2024,West,Home Office,3123.61,680.6,AR-10825
ORD-384151,08-10-2024,Central,Consumer,4651.75,-82.52,MG-17680
ORD-973502,27-02-2024,West,Home Office,312.89,616.04,KD-16615
ORD-861958,12-12-2024,Central,Home Office,1336.42,-418.69,BD-11635
ORD-874992,10-02-2024,East,Home Office,494.63,950.34,MV-17485
ORD-404049,07-04-2024,East,Home Office,3130.37,-142.2,TS-21610
ORD-585254,14-12-2024,Central,Home Office,2887.05,848.99,SU-20665
ORD-697558,14-02-2024,East,Consumer,2754.33,509.39,SC-20380
ORD-165861,18-10-2024,West,Corporate,4513.4,600.16,HR-14830
ORD-885894,12-07-2024,West,Home Office,1624.02,-18.55,ND-18370
ORD-224320,13-09-2024,South,Corporate,4808.64,395.0,JS-15685
ORD-000206,24-01-2024,South,Home Office,91.35,-229.83,GR-14560
ORD-006888,10-04-2024,East,Corporate,118.29,,SP-20545
ORD-862284,09-09-2024,East,Consumer,198.3,211.31,CD-12790
ORD-277861,12-10-2024,East,Consumer,1288.66,100.6,PB-19150
ORD-419219,19-04-2024,Central,Home Office,1630.21,465.07,ME-18010
ORD-865815,23-12-2024,Central,Home Office,3214.85,-425.26,PF-19225
ORD-400081,03-01-2024,South,Corporate,4400.16,368.61,CA-12310
ORD-912038,25-04-2024,Central,Home Office,3889.32,264.97,GT-14755
ORD-549856,02-06-2024,East,Corporate,2516.98,-58.41,AS-10045
ORD-706358,24-07-2024,West,Home Office,2880.52,-319.83,KS-16300
ORD-303860,26-07-2024,East,Consumer,1687.48,451.71,TS-21340
ORD-051707,18-07-2024,South,Consumer,1998.65,368.98,SS-20410
ORD-136709,25-03-2024,West,Home Office,998.56,290.64,PB-19210
ORD-205626,18-10-2024,East,Consumer,367.5,,HR-14770
ORD-718000,19-02-2024,Central,Home Office,2073.77,230.54,DB-13405
ORD-336319,12-10-2024,Central,Corporate,854.58,199.43,LC-16930
ORD-653454,05-08-2024,Central,Consumer,1006.43,247.64,VB-21745
ORD-763874,28-02-2024,Central,Home Office,282.14,1397.88,CL-11890
ORD-910953,27-05-2024,Central,Corporate,3472.04,-277.44,LH-16750
ORD-494079,01-06-2024,East,Home Office,2694.65,-92.4,MR-17545
ORD-786805,09-09-2024,West,Home Office,3652.32,-217.31,SS-20515
ORD-700723,01-07-2024,Central,Corporate,859.9,68.03,SS-20140
ORD-647984,09-01-2024,West,Home Office,4726.43,NA,SC-20680
ORD-284490,22-11-2024,South,Consumer,105.2,1234.82,SB-20170
ORD-405299,08-07-2024,Central,Corporate,2428.46,694.21,BM-11140
ORD-195473,07-09-2024,West,Home Office,4632.49,-457.02,EB-14170
ORD-967071,17-05-2024,South,Corporate,1973.07,-185.99,JE-15715
ORD-717553,12-06-2024,South,Consumer,4980.01,1457.18,FG-14260
ORD-851332,02-11-2024,South,Corporate,4453.11,1129.72,AH-10195
ORD-990000,18-05-2024,East,Consumer,1715.51,285.69,CD-12280
ORD-092060,24-07-2024,East,Corporate,1209.4,-194.5,HE-14800
ORD-953927,20-06-2024,West,Home Office,667.54,804.95,PJ-18835
ORD-567651,22-04-2024,East,Corporate,3445.78,1297.29,CD-11920
ORD-450956,25-03-2024,East,Corporate,348.39,N/A,TB-21355
ORD-124139,06-06-2024,East,Home Office,157.12,137.37,KD-16345
ORD-431229,10-08-2024,South,Consumer,3897.75,-286.46,DB-12970
ORD-027471,25-10-2024,South,Home Office,2839.55,-38.18,DV-13045
ORD-242130,22-01-2024,South,Consumer,3443.83,453.2,MH-18025
ORD-887241,20-08-2024,South,Consumer,4262.13,482.89,CD-12280
ORD-171743,07-04-2024,Central,Corporate,3825.05,-469.97,ER-13855
ORD-996355,14-04-2024,East,Consumer,340.02,1354.21,LB-16795
ORD-909251,20-08-2024,South,Corporate,4439.06,355.11,AO-10810
ORD-637461,24-07-2024,South,Corporate,3061.41,984.94,PS-18760
ORD-562204,17-11-2024,Central,Home Office,555.49,413.8,AP-10720
ORD-920419,08-09-2024,West,Home Office,205.87,274.8,VP-21760
ORD-661283,02-04-2024,South,Corporate,1996.22,109.11,GA-14515
ORD-483758,06-07-2024,South,Home Office,4595.97,879.91,CJ-11875
ORD-486098,27-11-2024,West,Consumer,3616.01,-273.66,PM-18940
ORD-983400,23-09-2024,East,Corporate,2073.66,401.77,CV-12805
ORD-475719,19-12-2024,East,Corporate,460.0,148.15,SB-20170
ORD-951229,23-03-2024,Central,Consumer,579.68,398.8,JH-15985
ORD-089451,17-12-2024,West,Home Office,3957.42,523.33,CM-12715
ORD-397074,18-07-2024,Central,Consumer,4562.14,630.98,SC-20575
ORD-904578,05-03-2024,East,Consumer,3848.09,-397.38,GZ-14545
ORD-324554,24-08-2024,South,Home Office,911.67,1297.08,DJ-13420
ORD-003705,20-05-2024,Central,Corporate,2493.16,497.28,AB-10060
ORD-637518,16-04-2024,East,Home Office,3300.76,407.48,LC-16930
ORD-083263,20-10-2024,Central,Consumer,4412.02,56.23,RH-19510
ORD-584633,27-04-2024,Central,Consumer,749.8,806.55,AJ-10795
ORD-152437,28-01-2024,South,Corporate,4602.72,-401.94,KE-16420
ORD-186907,06-11-2024,South,Home Office,3308.01,899.69,PC-18745
ORD-825552,18-03-2024,West,Home Office,2899.04,1362.96,BN-11515
ORD-805844,10-06-2024,South,Corporate,4103.12,1016.88,NG-18355
ORD-068080,10-08-2024,East,Consumer,3476.15,48.84,MS-17770
ORD-433857,17-04-2024,East,Home Office,300.34,642.73,RH-19555
ORD-554641,03-08-2024,South,Corporate,3048.13,132.98,MS-17710
ORD-603081,20-06-2024,East,Home Office,2817.55,NA,RL-19615
ORD-521920,16-03-2024,East,Home Office,1459.54,-112.89,CA-12055
ORD-025152,15-11-2024,Central,Home Office,4241.87,1099.13,KD-16495
ORD-434154,02-06-2024,South,Home Office,4032.16,-75.32,RR-19315
ORD-210961,23-05-2024,South,Consumer,1545.79,513.38,HR-14770
ORD-804292,01-02-2024,South,Corporate,1986.29,,AH-10120
ORD-872461,06-04-2024,South,Corporate,4612.18,458.22,MB-18085
ORD-835982,02-11-2024,East,Corporate,785.38,421.24,MY-18295
ORD-939450,11-08-2024,West,Home Office,289.55,542.15,NZ-18565
ORD-760181,22-06-2024,Central,Consumer,2891.21,163.44,JF-15490
ORD-069430,05-05-2024,Central,Corporate,4918.26,753.02,CR-12820
ORD-598718,20-07-2024,East,Home Office,593.05,1064.69,GZ-14545
ORD-739526,28-06-2024,Central,Corporate,2075.21,494.11,Dl-13600
ORD-389634,15-05-2024,East,Home Office,1518.57,-275.54,AJ-10945
ORD-815573,07-02-2024,West,Home Office,134.42,465.33,MH-17620
ORD-161563,07-06-2024,West,Home Office,4370.66,120.72,IG-15085
ORD-150256,25-02-2024,East,Consumer,3625.61,418.74,TA-21385
ORD-906820,17-02-2024,Central,Corporate,4662.36,874.1,PS-18760
ORD-914228,03-06-2024,West,Consumer,524.48,1032.36,TS-21340
ORD-327660,01-10-2024,South,Home Office,4461.76,141.76,DB-13615
ORD-300488,09-09-2024,South,Corporate,3358.91,45.31,CM-12445
ORD-286930,04-01-2024,Central,Consumer,2717.22,598.73,ES-14020
ORD-148434,23-05-2024,East,Consumer,365.5,726.53,JC-15775
ORD-566837,15-01-2024,East,Consumer,2358.97,850.99,BS-11755
ORD-402234,02-02-2024,West,Corporate,903.13,692.24,PP-18955
ORD-660048,27-12-2024,West,Home Office,1784.57,164.66,DE-13255
ORD-747529,25-11-2024,Central,Corporate,2843.27,-314.17,SS-20515
ORD-491023,04-08-2024,South,Home Office,3225.65,1032.99,LW-17215
ORD-242949,08-03-2024,South,Corporate,1966.46,899.23,SC-20845
ORD-346374,26-06-2024,West,Corporate,161.02,450.67,JF-15295
ORD-501904,15-03-2024,South,Corporate,3026.16,-245.21,BS-11380
ORD-425393,27-12-2024,Central,Corporate,2785.19,-358.15,GR-14560
ORD-558625,15-07-2024,West,Consumer,3108.17,595.9,MC-18100
ORD-402461,03-06-2024,East,Home Office,2958.94,1068.63,KW-16435
ORD-594765,26-06-2024,East,Consumer,3316.44,-344.21,SW-20755
ORD-602081,27-08-2024,Central,Home Office,2984.42,150.76,BP-11095
ORD-861954,15-03-2024,South,Corporate,357.34,-282.51,PS-19045
ORD-808813,27-07-2024,South,Corporate,3228.5,-377.04,DM-12955
ORD-856722,05-10-2024,Central,Consumer,3307.8,405.95,GH-14410
ORD-408927,20-10-2024,West,Consumer,1036.25,1254.85,GM-14680
ORD-597979,26-11-2024,South,Corporate,3591.78,1330.24,BM-11575
ORD-611034,01-10-2024,West,Consumer,4264.0,-375.18,NF-18595
ORD-055709,01-12-2024,South,Consumer,4307.63,1231.36,DW-13480
ORD-452687,23-10-2024,West,Home Office,1597.46,265.58,JM-15265
ORD-456330,18-04-2024,East,Corporate,703.95,610.84,JH-15430
ORD-880765,14-03-2024,South,Home Office,636.49,-476.79,SA-20830
ORD-016471,05-12-2024,West,Home Office,2189.31,1480.44,BG-11695
ORD-143886,21-07-2024,West,Home Office,3026.1,351.41,CW-11905
ORD-476468,17-07-2024,West,Corporate,1782.98,-128.42,RA-19945
ORD-007791,19-08-2024,East,Home Office,2513.63,321.68,ND-18460
ORD-604350,12-01-2024,Central,Home Office,2421.51,237.16,PJ-18835
ORD-504924,23-02-2024,East,Home Office,3659.15,N/A,TS-21655
ORD-816705,09-08-2024,Central,Home Office,4450.68,-323.11,MA-17995
ORD-661298,24-11-2024,Central,Home Office,3172.1,1096.2,HE-14800
ORD-642819,02-06-2024,Central,Corporate,2275.63,1312.11,PC-19000
ORD-769461,11-07-2024,South,Corporate,1453.15,-429.35,PT-19090
ORD-785830,10-12-2024,South,Consumer,3150.21,656.28,PC-18745
ORD-054128,22-05-2024,Central,Corporate,2428.95,-246.36,BF-10975
ORD-892806,26-05-2024,South,Consumer,3082.83,50.43,EJ-13720
ORD-014893,24-02-2024,East,Home Office,3697.45,818.31,JK-15625
